Residue;Chemotrypsin
ILE_1;ILE-16
VAL_2;VAL-17
GLY_3;GLY-18
GLY_4;GLY-19
GLN_5;GLN-20
GLU_6;GLU-21
CYX_7;CYX-22
LYS_8;LYS-23
ASP_9;ASP-24
GLY_10;GLY-25
GLU_11;GLU-26
CYX_12;CYX-27
PRO_13;PRO-28
TRP_14;TRP-29
GLN_15;GLN-30
ALA_16;ALA-31
LEU_17;LEU-32
LEU_18;LEU-33
ILE_19;ILE-34
ASN_20;ASN-35
GLU_21;GLU-36
GLU_22;GLU-37
ASN_23;ASN-38
GLU_24;GLU-39
GLY_25;GLY-40
PHE_26;PHE-41
CYX_27;CYX-42
GLY_28;GLY-43
GLY_29;GLY-44
THR_30;THR-45
ILE_31;ILE-46
LEU_32;LEU-47
SER_33;SER-48
GLU_34;GLU-49
PHE_35;PHE-50
TYR_36;TYR-51
ILE_37;ILE-52
LEU_38;LEU-53
THR_39;THR-54
ALA_40;ALA-55
ALA_41;ALA-56
HIE_42;HIE-57
CYX_43;CYX-58
LEU_44;LEU-59
TYR_45;TYR-60
GLN_46;GLN-61
ALA_47;ALA-61
LYS_48;LYS-62
ARG_49;ARG-63
PHE_50;PHE-64
LYS_51;LYS-65
VAL_52;VAL-66
ARG_53;ARG-67
VAL_54;VAL-68
GLY_55;GLY-69
ASP_56;ASP-70
ARG_57;ARG-71
ASN_58;ASN-72
THR_59;THR-73
GLU_60;GLU-74
GLN_61;GLN-75
GLU_62;GLU-76
GLU_63;GLU-77
GLY_64;GLY-78
GLY_65;GLY-79
GLU_66;GLU-80
ALA_67;ALA-81
VAL_68;VAL-82
HIE_69;HIE-83
GLU_70;GLU-84
VAL_71;VAL-85
GLU_72;GLU-86
VAL_73;VAL-87
VAL_74;VAL-88
ILE_75;ILE-89
LYS_76;LYS-90
HIE_77;HIE-91
ASN_78;ASN-92
ARG_79;ARG-93
PHE_80;PHE-94
THR_81;THR-95
LYS_82;LYS-96
GLU_83;GLU-97
THR_84;THR-98
TYR_85;TYR-99
HIE_85;HIS-99
ASP_86;ASP-100
PHE_87;PHE-101
ASP_88;ASP-102
ILE_89;ILE-103
ALA_90;ALA-104
VAL_91;VAL-105
LEU_92;LEU-106
ARG_93;ARG-107
LEU_94;LEU-108
LYS_95;LYS-109
THR_96;THR-110
PRO_97;PRO-111
ILE_98;ILE-112
THR_99;THR-113
PHE_100;PHE-114
ARG_101;ARG-115
MET_102;MET-116
ASN_103;ASN-117
VAL_104;VAL-118
ALA_105;ALA-119
PRO_106;PRO-120
ALA_107;ALA-121
CYS_108;CYS-122
LEU_109;LEU-123
PRO_110;PRO-124
GLU_111;GLU-124
ARG_112;ARG-125
ASP_113;ASP-126
TRP_114;TRP-127
ALA_115;ALA-128
GLU_116;GLU-129
SER_117;SER-130
THR_118;THR-131
LEU_119;LEU-131
MET_120;MET-131
THR_121;THR-132
GLN_122;GLN-133
LYS_123;LYS-134
THR_124;THR-135
GLY_125;GLY-136
ILE_126;ILE-137
VAL_127;VAL-138
SER_128;SER-139
GLY_129;GLY-140
PHE_130;PHE-141
GLY_131;GLY-142
ARG_132;ARG-143
THR_133;THR-144
HIE_134;HIE-145
GLU_135;GLU-146
LYS_136;LYS-147
GLY_137;GLY-149
ARG_138;ARG-150
GLN_139;GLN-151
SER_140;SER-152
THR_141;THR-153
ARG_142;ARG-154
LEU_143;LEU-155
LYS_144;LYS-156
MET_145;MET-157
LEU_146;LEU-158
GLU_147;GLU-159
VAL_148;VAL-160
PRO_149;PRO-161
TYR_150;TYR-162
VAL_151;VAL-163
ASP_152;ASP-164
ARG_153;ARG-165
ASN_154;ASN-166
SER_155;SER-167
CYX_156;CYX-168
LYS_157;LYS-169
LEU_158;LEU-170
SER_159;SER-171
SER_160;SER-172
SER_161;SER-173
ALA_162;ALA-174
SER_162;SER-174
PHE_162;PHE-174
ILE_163;ILE-175
ILE_164;ILE-176
THR_165;THR-177
GLN_166;GLN-178
ASN_167;ASN-179
MET_168;MET-180
PHE_169;PHE-181
CYX_170;CYX-182
ALA_171;ALA-183
GLY_172;GLY-184
TYR_173;TYR-185
ASP_174;ASP-185
THR_175;THR-185
LYS_176;LYS-186
GLN_177;GLN-187
GLU_178;GLU-188
ASP_179;ASP-189
ALA_180;ALA-190
CYX_181;CYX-191
GLN_182;GLN-192
LEU_182;LEU-192
GLY_183;GLY-193
ASP_184;ASP-194
SER_185;SER-195
GLY_186;GLY-196
GLY_187;GLY-197
PRO_188;PRO-198
HIE_189;HIE-199
VAL_190;VAL-200
THR_191;THR-201
ARG_192;ARG-202
PHE_193;PHE-203
LYS_194;LYS-204
ASP_195;ASP-205
THR_196;THR-206
TYR_197;TYR-207
PHE_198;PHE-208
VAL_199;VAL-209
THR_200;THR-210
GLY_201;GLY-211
ILE_202;ILE-212
VAL_203;VAL-213
SER_204;SER-214
TRP_205;TRP-215
GLY_206;GLY-216
ASP_206;ASP-216
GLU_207;GLU-217
GLY_208;GLY-218
PHE_208;PHE-218
SER_208;SER-218
CYX_209;CYX-220
ALA_210;ALA-221
ARG_211;ARG-222
GLY_211;GLY-222
LYS_212;LYS-223
VAL_213;VAL-223
GLY_213;GLY-223
LYS_214;LYS-224
TYR_215;TYR-225
GLY_216;GLY-226
ILE_217;ILE-227
TYR_218;TYR-228
THR_219;THR-229
LYS_220;LYS-230
VAL_221;VAL-231
THR_222;THR-232
ALA_223;ALA-233
PHE_224;PHE-234
LEU_225;LEU-235
LYS_226;LYS-236
TRP_227;TRP-237
ILE_228;ILE-238
ASP_229;ASP-239
ARG_230;ARG-240
SER_231;SER-241
MET_232;MET-242
LYS_233;LYS-243
ACE_234;ACE-313
GLU_235;GLU-314
SER_236;SER-315
TYR_237;TYR-316
ILE_238;ILE-317
ASP_239;ASP-318
GLY_240;GLY-319
ARG_241;ARG-320
ILE_242;ILE-321
VAL_243;VAL-322
GLU_244;GLU-323
GLY_245;GLY-324
SER_246;SER-325
ASP_247;ASP-326
NME_248;NME-327
ACE_234;ACE-264
ASP_235;ASP-265
ARG_236;ARG-266
ALA_237;ALA-267
ILE_238;ILE-268
GLU_239;GLU-269
GLY_240;GLY-270
ARG_241;ARG-271
THR_242;THR-272
ALA_243;ALA-273
THR_244;THR-274
SER_245;SER-275
GLU_246;GLU-276
TYR_247;TYR-277
NME_248;NME-278



